{"branches": 14.285714285714285, "coverage": 36.58536585365854}