{"branches": 14.285714285714285, "coverage": 48.20717131474104}